{"cameraMode":{"drawMode":0,"name":"Shaded","section":"Shading Mode"},"sceneLighting":true,"audioPlay":false,"sceneViewState":{"m_AlwaysRefresh":false,"showFog":true,"showSkybox":true,"showFlares":true,"showImageEffects":true,"showParticleSystems":true,"showVisualEffectGraphs":true,"m_FxEnabled":true},"in2DMode":false,"pivot":{"x":24.86370086669922,"y":1.5240572690963746,"z":28.23170280456543},"rotation":{"x":-0.007581270765513182,"y":-0.9013946652412415,"z":0.016673943027853967,"w":-0.43284180760383608},"size":0.6634910106658936,"orthographic":false}