{"cameraMode":{"drawMode":0,"name":"Shaded","section":"Shading Mode"},"sceneLighting":false,"audioPlay":false,"sceneViewState":{"m_AlwaysRefresh":false,"showFog":true,"showSkybox":false,"showFlares":true,"showImageEffects":true,"showParticleSystems":true,"showVisualEffectGraphs":true,"m_FxEnabled":true},"in2DMode":false,"pivot":{"x":3.479907989501953,"y":-4.159786224365234,"z":-4.560937881469727},"rotation":{"x":-0.057995229959487918,"y":0.5537903904914856,"z":-0.037877053022384647,"w":-0.8299089074134827},"size":0.14176130294799806,"orthographic":false}